{
	"settings": {
		"appearanceTools": true,
		"color": {
			"palette": [
				{
					"color": "#000000",
					"name": "Black",
					"slug": "black"
				},
				{
					"color": "#ffffff",
					"name": "White",
					"slug": "white"
				},
				{
					"color": "#F9B000",
					"name": "Yellow",
					"slug": "brand-yellow"
				},
				{
					"color": "#736B63",
					"name": "Olive",
					"slug": "brand-oliver"
				},
				{
					"color": "#A19A94",
					"name": "Light Olive",
					"slug": "brand-light-oliver"
				},
				{
					"color": "#38332F",
					"name": "Charcoal",
					"slug": "brand-charcoal"
				},
				{
					"color": "#F0EFED",
					"name": "Dust",
					"slug": "brand-dust"
				}
			]
		},
		"custom": {
			"typography": {
				"font-size": {
					"heading-1": "clamp(2.25rem, 0.9797rem + 4.065vw, 3.5rem)",
					"heading-2": "clamp(1.75rem, 1.3689rem + 1.2195vw, 2.125rem)",
					"heading-3": "1.5rem",
					"heading-4": "clamp(1rem, 0.7459rem + 0.813vw, 1.25rem)",
					"heading-5": "1rem",
					"heading-6": "0.875rem",
					"large": "clamp(1rem, 0.7459rem + 0.813vw, 1.25rem)",
					"medium": "1rem",
					"small": "0.875rem"
				},
				"line-height": {
					"heading-1": 1.14,
					"heading-2": 1.235,
					"heading-3": 1.25,
					"heading-4": 1.2,
					"heading-5": 1.5,
					"heading-6": 1.5,
					"large": 1.5,
					"medium": 1.5,
					"small": 1.5
				}
			}
		},
		"layout": {
			"contentSize": "928px",
			"wideSize": "1120px"
		},
		"spacing": {
			"defaultSpacingSizes": false,
			"spacingSizes": [
				{
					"name": "16",
					"size": "1rem",
					"slug": "20"
				},
				{
					"name": "24",
					"size": "1.5rem",
					"slug": "30"
				},
				{
					"name": "32",
					"size": "2rem",
					"slug": "40"
				},
				{
					"name": "40",
					"size": "2.5rem",
					"slug": "50"
				},
				{
					"name": "48",
					"size": "3rem",
					"slug": "60"
				},
				{
					"name": "56",
					"size": "3.5rem",
					"slug": "70"
				},
				{
					"name": "64",
					"size": "4rem",
					"slug": "80"
				}
			],
			"units": [
				"%",
				"px",
				"em",
				"rem",
				"vh",
				"vw"
			]
		},
		"typography": {
			"customFontSize": true,
			"defaultFontSizes": false,
			"dropCap": false,
			"fontFamilies": [
				{
					"fontFace": [
						{
							"fontFamily": "\"Gotham Narrow\"",
							"fontStyle": "normal",
							"fontWeight": "400",
							"src": [
								"file:./assets/fonts/GothamNarrow-Medium.woff2"
							]
						},
						{
							"fontFamily": "\"Gotham Narrow\"",
							"fontStyle": "normal",
							"fontWeight": "700",
							"src": [
								"file:./assets/fonts/GothamNarrow-Bold.woff2"
							]
						}
					],
					"fontFamily": "\"Gotham Narrow\", \"Helvetica Neue\", \"Helvetica\", \"Arial\", sans-serif",
					"name": "Gotham Narrow",
					"slug": "gotham-narrow"
				}
			],
			"fontSizes": [
				{
					"fluid": false,
					"size": "var(--wp--custom--typography--font-size--small)",
					"slug": "small"
				},
				{
					"fluid": false,
					"size": "var(--wp--custom--typography--font-size--medium)",
					"slug": "medium"
				},
				{
					"fluid": false,
					"size": "var(--wp--custom--typography--font-size--large)",
					"slug": "large"
				}
			]
		},
		"useRootPaddingAwareAlignments": true
	},
	"styles": {
		"blocks": {
			"core/button": {
				"border": {
					"bottom": {
						"color": "var(--wp--preset--color--brand-charcoal)",
						"style": "solid",
						"width": "1px"
					},
					"left": {
						"color": "var(--wp--preset--color--brand-charcoal)",
						"style": "solid",
						"width": "1px"
					},
					"right": {
						"color": "var(--wp--preset--color--brand-charcoal)",
						"style": "solid",
						"width": "1px"
					},
					"top": {
						"color": "var(--wp--preset--color--brand-charcoal)",
						"style": "solid",
						"width": "1px"
					},
					"width": "1px"
				},
				"color": {
					"background": "var(--wp--preset--color--brand-charcoal)",
					"text": "var(--wp--preset--color--white)"
				},
				"elements": {
					"link": {
						"color": {
							"text": "var(--wp--preset--color--white)"
						}
					}
				},
				"spacing": {
					"padding": {
						"bottom": "9px",
						"left": "16px",
						"right": "16px",
						"top": "9px"
					}
				},
				"variations": {
					"outline": {
						"border": {
							"width": "1px"
						},
						"color": {
							"text": "var(--wp--preset--color--brand-charcoal)"
						},
						"spacing": {
							"padding": {
								"bottom": "9px",
								"left": "16px",
								"right": "16px",
								"top": "9px"
							}
						}
					}
				}
			}
		},
		"color": {
			"text": "var(--wp--preset--color--brand-oliver)"
		},
		"css": "",
		"elements": {
			"button": {
				"border": {
					"color": "#ffffff",
					"radius": "8px",
					"width": "1px"
				},
				"color": {
					"background": "#000000"
				},
				"spacing": {
					"padding": {
						"bottom": "10px",
						"left": "16px",
						"right": "16px",
						"top": "10px"
					}
				},
				"typography": {
					"fontWeight": "500"
				}
			},
			"h1": {
				"color": {
					"text": "var(--wp--preset--color--brand-charcoal)"
				},
				"typography": {
					"fontFamily": "var(--wp--preset--font-family--gotham-narrow)",
					"fontSize": "var(--wp--custom--typography--font-size--heading-1)",
					"fontWeight": "700",
					"letterSpacing": "0",
					"lineHeight": "var(--wp--custom--typography--line-height--heading-1)"
				}
			},
			"h2": {
				"color": {
					"text": "var(--wp--preset--color--brand-charcoal)"
				},
				"typography": {
					"fontFamily": "var(--wp--preset--font-family--gotham-narrow)",
					"fontSize": "var(--wp--custom--typography--font-size--heading-2)",
					"fontWeight": "700",
					"letterSpacing": "0",
					"lineHeight": "var(--wp--custom--typography--line-height--heading-2)"
				}
			},
			"h3": {
				"color": {
					"text": "var(--wp--preset--color--brand-charcoal)"
				},
				"typography": {
					"fontFamily": "var(--wp--preset--font-family--gotham-narrow)",
					"fontSize": "var(--wp--custom--typography--font-size--heading-3)",
					"fontWeight": "400",
					"letterSpacing": "0",
					"lineHeight": "var(--wp--custom--typography--line-height--heading-3)"
				}
			},
			"h4": {
				"color": {
					"text": "var(--wp--preset--color--brand-charcoal)"
				},
				"typography": {
					"fontFamily": "var(--wp--preset--font-family--gotham-narrow)",
					"fontSize": "var(--wp--custom--typography--font-size--heading-4)",
					"fontWeight": "400",
					"letterSpacing": "0",
					"lineHeight": "var(--wp--custom--typography--line-height--heading-4)"
				}
			},
			"h5": {
				"color": {
					"text": "var(--wp--preset--color--brand-charcoal)"
				},
				"typography": {
					"fontFamily": "var(--wp--preset--font-family--gotham-narrow)",
					"fontSize": "var(--wp--custom--typography--font-size--heading-5)",
					"fontWeight": "400",
					"letterSpacing": "0",
					"lineHeight": "var(--wp--custom--typography--line-height--heading-5)"
				}
			},
			"h6": {
				"color": {
					"text": "var(--wp--preset--color--brand-charcoal)"
				},
				"typography": {
					"fontFamily": "var(--wp--preset--font-family--gotham-narrow)",
					"fontSize": "var(--wp--custom--typography--font-size--heading-6)",
					"fontWeight": "400",
					"lineHeight": "var(--wp--custom--typography--line-height--heading-6)"
				}
			},
			"link": {
				":hover": {
					"typography": {
						"textDecoration": "underline"
					}
				},
				"color": {
					"text": "var(--wp--preset--color--blank)"
				},
				"typography": {
					"textDecoration": "none"
				}
			}
		},
		"spacing": {
			"padding": {
				"bottom": "0px",
				"left": "30px",
				"right": "30px",
				"top": "0px"
			}
		},
		"typography": {
			"fontFamily": "var(--wp--preset--font-family--gotham-narrow)",
			"fontWeight": "500",
			"lineHeight": "1.5em"
		}
	},
	"templateParts": [
		{
			"area": "header",
			"name": "header",
			"title": "Header"
		},
		{
			"area": "footer",
			"name": "footer",
			"title": "Footer"
		}
	],
	"version": 3,
	"$schema": "https://schemas.wp.org/wp/6.7/theme.json"
}